STATEFP,ALLOC_AREA_FRACTARGET,ALLOC_AREA_FRACSOURCE
04,0.9999999999999993,0.008774650606907412
