STATEFP,ALLOC_AREA_FRACTARGET,ALLOC_AREA_FRACSOURCE
32,0.9999999999999999,0.0027978044832379714
