STATEFP,ALLOC_AREA_FRACTARGET,ALLOC_AREA_FRACSOURCE
54,0.9999999983171891,0.009202090067534344
