STATEFP,ALLOC_AREA_FRACTARGET,ALLOC_AREA_FRACSOURCE
37,0.9999999999881027,0.019180393346650126
