STATEFP,ALLOC_AREA_FRACTARGET,ALLOC_AREA_FRACSOURCE
36,0.9999999999908531,0.010201722337251197
