STATEFP,ALLOC_AREA_FRACTARGET,ALLOC_AREA_FRACSOURCE
36,0.9999999999287986,0.011035359568797826
