STATEFP,ALLOC_AREA_FRACTARGET,ALLOC_AREA_FRACSOURCE
01,0.9999999999999997,0.014720037002929131
