STATEFP,ALLOC_AREA_FRACTARGET,ALLOC_AREA_FRACSOURCE
16,0.9999999999302756,0.0019007275928130366
