STATEFP,ALLOC_AREA_FRACTARGET,ALLOC_AREA_FRACSOURCE
47,0.999999999938632,0.026955544300509775
