STATEFP,ALLOC_AREA_FRACTARGET,ALLOC_AREA_FRACSOURCE
30,0.9999999999999999,0.0005683945972562627
