STATEFP,ALLOC_AREA_FRACTARGET,ALLOC_AREA_FRACSOURCE
19,0.9999999998187673,0.0037338698786841796
