STATEFP,ALLOC_AREA_FRACTARGET,ALLOC_AREA_FRACSOURCE
22,0.9999999999910576,0.008109729027324042
