STATEFP,ALLOC_AREA_FRACTARGET,ALLOC_AREA_FRACSOURCE
41,0.9999999998090142,0.0037282508113325357
