STATEFP,ALLOC_AREA_FRACTARGET,ALLOC_AREA_FRACSOURCE
24,0.999999999372543,0.013231667026842317
