STATEFP,ALLOC_AREA_FRACTARGET,ALLOC_AREA_FRACSOURCE
06,0.9999999999948529,0.01714184231230973
