STATEFP,ALLOC_AREA_FRACTARGET,ALLOC_AREA_FRACSOURCE
48,0.9999999999818827,0.013089631798758092
