STATEFP,ALLOC_AREA_FRACTARGET,ALLOC_AREA_FRACSOURCE
01,0.9999999998301794,0.009766471907100296
