STATEFP,ALLOC_AREA_FRACTARGET,ALLOC_AREA_FRACSOURCE
16,0.9999999999372561,0.0016906026760737634
