STATEFP,ALLOC_AREA_FRACTARGET,ALLOC_AREA_FRACSOURCE
46,0.999999999947768,0.001479476460600285
