STATEFP,ALLOC_AREA_FRACTARGET,ALLOC_AREA_FRACSOURCE
37,0.9999999999682277,0.027133381749695207
