STATEFP,ALLOC_AREA_FRACTARGET,ALLOC_AREA_FRACSOURCE
17,0.9999999999208486,0.010830752041445521
