STATEFP,ALLOC_AREA_FRACTARGET,ALLOC_AREA_FRACSOURCE
35,0.9999999998453851,0.00220239011490123
