STATEFP,ALLOC_AREA_FRACTARGET,ALLOC_AREA_FRACSOURCE
26,0.9999999999621408,0.023489660964405943
