STATEFP,ALLOC_AREA_FRACTARGET,ALLOC_AREA_FRACSOURCE
09,0.9999999997078718,0.27563069357696085
