STATEFP,ALLOC_AREA_FRACTARGET,ALLOC_AREA_FRACSOURCE
10,0.9999999988802745,0.10403678081269188
