STATEFP,ALLOC_AREA_FRACTARGET,ALLOC_AREA_FRACSOURCE
08,1.0000000000000002,0.006683732539990556
