STATEFP,ALLOC_AREA_FRACTARGET,ALLOC_AREA_FRACSOURCE
40,0.9999999999691987,0.005827302048576416
