STATEFP,ALLOC_AREA_FRACTARGET,ALLOC_AREA_FRACSOURCE
33,0.9999999995895247,0.049596390181687655
