STATEFP,ALLOC_AREA_FRACTARGET,ALLOC_AREA_FRACSOURCE
09,0.9999999999780879,0.04191216595856068
