STATEFP,ALLOC_AREA_FRACTARGET,ALLOC_AREA_FRACSOURCE
49,0.9999999998848943,0.0019159289212927445
