STATEFP,ALLOC_AREA_FRACTARGET,ALLOC_AREA_FRACSOURCE
55,0.9999999999286674,0.007639544655573864
