STATEFP,ALLOC_AREA_FRACTARGET,ALLOC_AREA_FRACSOURCE
08,0.9999999999999988,0.005721209008417773
