STATEFP,ALLOC_AREA_FRACTARGET,ALLOC_AREA_FRACSOURCE
22,0.9999999999999999,0.009256261864008521
