STATEFP,ALLOC_AREA_FRACTARGET,ALLOC_AREA_FRACSOURCE
42,0.9999999998019663,0.008163640280227629
