STATEFP,ALLOC_AREA_FRACTARGET,ALLOC_AREA_FRACSOURCE
35,0.999999999969164,0.0027797880980265756
