STATEFP,ALLOC_AREA_FRACTARGET,ALLOC_AREA_FRACSOURCE
20,0.9999999996052019,0.0029046514324284367
