STATEFP,ALLOC_AREA_FRACTARGET,ALLOC_AREA_FRACSOURCE
29,0.9999999997551898,0.007575241876684894
