STATEFP,ALLOC_AREA_FRACTARGET,ALLOC_AREA_FRACSOURCE
18,0.9999999995182974,0.03131098418310632
