STATEFP,ALLOC_AREA_FRACTARGET,ALLOC_AREA_FRACSOURCE
34,0.9999999999266861,0.01759851014505094
