STATEFP,ALLOC_AREA_FRACTARGET,ALLOC_AREA_FRACSOURCE
25,0.9999999999893892,0.008952422006261984
