STATEFP,ALLOC_AREA_FRACTARGET,ALLOC_AREA_FRACSOURCE
42,0.9999999998670709,0.014627944213089189
