STATEFP,ALLOC_AREA_FRACTARGET,ALLOC_AREA_FRACSOURCE
05,0.9999999999371941,0.007034517457541531
