STATEFP,ALLOC_AREA_FRACTARGET,ALLOC_AREA_FRACSOURCE
78,0.9999999999999993,0.12065554582161257
