STATEFP,ALLOC_AREA_FRACTARGET,ALLOC_AREA_FRACSOURCE
24,0.9999999999479959,0.019159425946600382
