STATEFP,ALLOC_AREA_FRACTARGET,ALLOC_AREA_FRACSOURCE
18,0.9999999999729333,0.014725026676272967
