STATEFP,ALLOC_AREA_FRACTARGET,ALLOC_AREA_FRACSOURCE
54,0.9999999984144007,0.0048535609722701635
