STATEFP,ALLOC_AREA_FRACTARGET,ALLOC_AREA_FRACSOURCE
55,0.9999999999437149,0.006912003312450678
