STATEFP,ALLOC_AREA_FRACTARGET,ALLOC_AREA_FRACSOURCE
45,0.9999999999706827,0.013767016250327262
