ZCTA5CE20,ALLOC_AREA_FRACTARGET,ALLOC_AREA_FRACSOURCE
00850,0.017503030528426288,0.17765778137196372
00830,0.23987673082832706,0.7388120055164153
00802,0.15983181430358176,0.34045808352637963
00851,3.6725707014348994e-05,0.008766422326178006
00820,0.3191548016526439,0.5863877697856802
00840,0.23111230981451877,0.6289132559745767
