STATEFP,ALLOC_AREA_FRACTARGET,ALLOC_AREA_FRACSOURCE
19,0.9999999997923957,0.0067474328645893925
