ZCTA5CE20,ALLOC_AREA_FRACTARGET,ALLOC_AREA_FRACSOURCE
96799,0.9495618143278509,0.38131979012676476
