STATEFP,ALLOC_AREA_FRACTARGET,ALLOC_AREA_FRACSOURCE
28,0.999999999674518,0.008691266113621731
