STATEFP,ALLOC_AREA_FRACTARGET,ALLOC_AREA_FRACSOURCE
24,0.9999999861639499,0.13076990333970265
