STATEFP,ALLOC_AREA_FRACTARGET,ALLOC_AREA_FRACSOURCE
50,0.9999999993623705,0.009938052799371865
