STATEFP,ALLOC_AREA_FRACTARGET,ALLOC_AREA_FRACSOURCE
13,0.9999999999372199,0.05388092700573257
