STATEFP,ALLOC_AREA_FRACTARGET,ALLOC_AREA_FRACSOURCE
31,0.9999999997617628,0.0032255088014244097
