STATEFP,ALLOC_AREA_FRACTARGET,ALLOC_AREA_FRACSOURCE
53,0.9999999999774286,0.0058858158620184835
