STATEFP,ALLOC_AREA_FRACTARGET,ALLOC_AREA_FRACSOURCE
16,0.9999999998119313,0.002435879291299796
