STATEFP,ALLOC_AREA_FRACTARGET,ALLOC_AREA_FRACSOURCE
41,0.9999999999999999,0.003958112100406723
