STATEFP,ALLOC_AREA_FRACTARGET,ALLOC_AREA_FRACSOURCE
12,0.9999999999996975,0.07157449879344031
