STATEFP,ALLOC_AREA_FRACTARGET,ALLOC_AREA_FRACSOURCE
27,0.9999999999237978,0.005792247694469126
