STATEFP,ALLOC_AREA_FRACTARGET,ALLOC_AREA_FRACSOURCE
47,0.9999999999461306,0.016920043175620327
