STATEFP,ALLOC_AREA_FRACTARGET,ALLOC_AREA_FRACSOURCE
36,0.9999999999607772,0.053729607199500366
