STATEFP,ALLOC_AREA_FRACTARGET,ALLOC_AREA_FRACSOURCE
12,0.9999999999822831,0.008182438334656964
