ZCTA5CE20,ALLOC_AREA_FRACTARGET,ALLOC_AREA_FRACSOURCE
96951,0.0,0.0
96952,0.14313196743916934,0.0977791978944809
96950,0.8568680294402894,0.5007795937374676
