STATEFP,ALLOC_AREA_FRACTARGET,ALLOC_AREA_FRACSOURCE
53,0.9999999999884733,0.018393711259644337
