ZCTA5CE20,ALLOC_AREA_FRACTARGET,ALLOC_AREA_FRACSOURCE
96915,0.18848530543934783,0.13631662177884193
96929,0.3579258217134022,0.35422114772076824
96910,0.1817913198293128,0.7423229627594813
96916,0.0,0.0
96917,0.0,0.0
96928,0.012420385827322513,0.19804722371531183
96913,0.2593771652136651,0.6939941002373093
