STATEFP,ALLOC_AREA_FRACTARGET,ALLOC_AREA_FRACSOURCE
29,0.9999999999915609,0.014279312669103743
