STATEFP,ALLOC_AREA_FRACTARGET,ALLOC_AREA_FRACSOURCE
39,0.9999999999018947,0.018921661924558117
