STATEFP,ALLOC_AREA_FRACTARGET,ALLOC_AREA_FRACSOURCE
45,0.9999999998725364,0.04861289225722422
