STATEFP,ALLOC_AREA_FRACTARGET,ALLOC_AREA_FRACSOURCE
27,0.9999999998782654,0.01005331622315107
