STATEFP,ALLOC_AREA_FRACTARGET,ALLOC_AREA_FRACSOURCE
23,0.9999999998395268,0.004507321279009296
