STATEFP,ALLOC_AREA_FRACTARGET,ALLOC_AREA_FRACSOURCE
22,0.9999999999999998,0.020559244505671117
