STATEFP,ALLOC_AREA_FRACTARGET,ALLOC_AREA_FRACSOURCE
44,0.9999999987639466,0.22919976180410964
