STATEFP,ALLOC_AREA_FRACTARGET,ALLOC_AREA_FRACSOURCE
06,0.9999999999606983,0.005648699918288347
