ZCTA5CE20,ALLOC_AREA_FRACTARGET,ALLOC_AREA_FRACSOURCE
96951,0.20143408410710742,0.9999693782374136
96952,0.21771323289317132,0.8988836194025773
96950,0.14131364229703028,0.49914368927122715
