ZCTA5CE20,ALLOC_AREA_FRACTARGET,ALLOC_AREA_FRACSOURCE
00850,0.11214615415836633,0.808652050729708
00830,0.0496901996504499,0.10872336558376329
00802,0.3898526022803398,0.5899391005953679
00851,0.0058454433751485005,0.9912335776738025
00820,0.27110114949348346,0.35385163238009276
00840,0.1713644491257994,0.33127962299170227
