STATEFP,ALLOC_AREA_FRACTARGET,ALLOC_AREA_FRACSOURCE
40,0.9999999999927084,0.006762147349303405
