STATEFP,ALLOC_AREA_FRACTARGET,ALLOC_AREA_FRACSOURCE
21,0.9999999995276424,0.013996400822250076
