STATEFP,ALLOC_AREA_FRACTARGET,ALLOC_AREA_FRACSOURCE
13,0.9999999999343193,0.014221219323504435
