STATEFP,ALLOC_AREA_FRACTARGET,ALLOC_AREA_FRACSOURCE
28,0.9999999999961159,0.01032501768886485
