STATEFP,ALLOC_AREA_FRACTARGET,ALLOC_AREA_FRACSOURCE
27,0.9999999999936322,0.004778249182971777
