STATEFP,ALLOC_AREA_FRACTARGET,ALLOC_AREA_FRACSOURCE
54,0.9999999987286105,0.013504372724270066
