STATEFP,ALLOC_AREA_FRACTARGET,ALLOC_AREA_FRACSOURCE
41,0.9999999999580858,0.00382655327856444
