STATEFP,ALLOC_AREA_FRACTARGET,ALLOC_AREA_FRACSOURCE
01,0.9999999999733498,0.018204475514073067
