STATEFP,ALLOC_AREA_FRACTARGET,ALLOC_AREA_FRACSOURCE
51,0.9999999997679234,0.009083919764293373
