STATEFP,ALLOC_AREA_FRACTARGET,ALLOC_AREA_FRACSOURCE
31,0.9999999998840972,0.0015225787561968234
