STATEFP,ALLOC_AREA_FRACTARGET,ALLOC_AREA_FRACSOURCE
17,0.999999999981898,0.012798908243358696
