STATEFP,ALLOC_AREA_FRACTARGET,ALLOC_AREA_FRACSOURCE
05,0.9999999995661886,0.005964358137253446
