STATEFP,ALLOC_AREA_FRACTARGET,ALLOC_AREA_FRACSOURCE
33,0.9999999995261588,0.006338649952611848
