STATEFP,ALLOC_AREA_FRACTARGET,ALLOC_AREA_FRACSOURCE
20,0.9999999999839113,0.004208969665271341
