STATEFP,ALLOC_AREA_FRACTARGET,ALLOC_AREA_FRACSOURCE
55,0.9999999999334219,0.01464816841441036
