STATEFP,ALLOC_AREA_FRACTARGET,ALLOC_AREA_FRACSOURCE
48,0.9999999999706798,0.013989641422766997
