STATEFP,ALLOC_AREA_FRACTARGET,ALLOC_AREA_FRACSOURCE
33,0.999999999456946,0.013781719866138437
