STATEFP,ALLOC_AREA_FRACTARGET,ALLOC_AREA_FRACSOURCE
46,0.9999999990103439,0.0002618055851198002
