STATEFP,ALLOC_AREA_FRACTARGET,ALLOC_AREA_FRACSOURCE
32,0.9999999978938877,0.0014581020996161944
