STATEFP,ALLOC_AREA_FRACTARGET,ALLOC_AREA_FRACSOURCE
44,0.9999999989180219,0.43160813606001713
