STATEFP,ALLOC_AREA_FRACTARGET,ALLOC_AREA_FRACSOURCE
18,0.9999999999792543,0.024703051701310912
