STATEFP,ALLOC_AREA_FRACTARGET,ALLOC_AREA_FRACSOURCE
34,0.9999999998684819,0.014411290947047847
