STATEFP,ALLOC_AREA_FRACTARGET,ALLOC_AREA_FRACSOURCE
26,0.9999999999727669,0.006091813331223769
