STATEFP,ALLOC_AREA_FRACTARGET,ALLOC_AREA_FRACSOURCE
38,0.9999999995099261,0.0010189860288469133
