STATEFP,ALLOC_AREA_FRACTARGET,ALLOC_AREA_FRACSOURCE
47,0.9999999997456083,0.02595679569596087
