STATEFP,ALLOC_AREA_FRACTARGET,ALLOC_AREA_FRACSOURCE
39,0.9999999998175246,0.01701699252252988
