STATEFP,ALLOC_AREA_FRACTARGET,ALLOC_AREA_FRACSOURCE
06,0.999999999989384,0.026767636764674245
