STATEFP,ALLOC_AREA_FRACTARGET,ALLOC_AREA_FRACSOURCE
21,0.999999999811865,0.010262913600785378
