STATEFP,ALLOC_AREA_FRACTARGET,ALLOC_AREA_FRACSOURCE
51,0.9999999998633454,0.03988852111800102
