STATEFP,ALLOC_AREA_FRACTARGET,ALLOC_AREA_FRACSOURCE
04,0.9999999997688738,0.003257950969880194
