STATEFP,ALLOC_AREA_FRACTARGET,ALLOC_AREA_FRACSOURCE
13,0.9999999999835232,0.014417255558596222
