STATEFP,ALLOC_AREA_FRACTARGET,ALLOC_AREA_FRACSOURCE
32,0.9999999999977319,0.0025188444804438398
