STATEFP,ALLOC_AREA_FRACTARGET,ALLOC_AREA_FRACSOURCE
20,0.9999999997236495,0.004833717010050606
