STATEFP,ALLOC_AREA_FRACTARGET,ALLOC_AREA_FRACSOURCE
38,0.9999999979315856,0.0011668206818033265
