STATEFP,ALLOC_AREA_FRACTARGET,ALLOC_AREA_FRACSOURCE
38,0.9999999995483434,0.00041820035437777845
