STATEFP,ALLOC_AREA_FRACTARGET,ALLOC_AREA_FRACSOURCE
37,0.9999999999671284,0.04065307705434464
