STATEFP,ALLOC_AREA_FRACTARGET,ALLOC_AREA_FRACSOURCE
51,0.9999999999371323,0.014265065741897037
