STATEFP,ALLOC_AREA_FRACTARGET,ALLOC_AREA_FRACSOURCE
04,0.9999999999531206,0.006989461109428197
