ZCTA5CE20,ALLOC_AREA_FRACTARGET,ALLOC_AREA_FRACSOURCE
96915,0.5120575141059764,0.8636824247186882
96929,0.2797935071238549,0.6457777965162986
96910,0.0270562585839735,0.2576626771409595
96916,0.03952997982128889,0.999999948667048
96917,0.05764101674184426,0.999997772611742
96928,0.02156507365943559,0.8019524880792486
96913,0.04903888995115914,0.3060051188510999
