STATEFP,ALLOC_AREA_FRACTARGET,ALLOC_AREA_FRACSOURCE
10,0.9999999999518315,0.04884173057263972
