STATEFP,ALLOC_AREA_FRACTARGET,ALLOC_AREA_FRACSOURCE
10,0.9999999992723744,0.012139571383495007
