ZCTA5CE20,ALLOC_AREA_FRACTARGET,ALLOC_AREA_FRACSOURCE
96799,0.9028156604532315,0.6047498541174183
