STATEFP,ALLOC_AREA_FRACTARGET,ALLOC_AREA_FRACSOURCE
42,0.9999999999743734,0.08026375422950781
