STATEFP,ALLOC_AREA_FRACTARGET,ALLOC_AREA_FRACSOURCE
21,0.9999999993819074,0.011534705318390966
