STATEFP,ALLOC_AREA_FRACTARGET,ALLOC_AREA_FRACSOURCE
19,0.9999999999378486,0.006675352226617592
